feature_name,value,weight,data_type,source_pack,source_file,notes
gender,Female,70706,string,industry_partner_pack_1,demographic_gender_by_course.csv,
gender,Male,59383,string,industry_partner_pack_1,demographic_gender_by_course.csv,
gender,Other,689,string,industry_partner_pack_1,demographic_gender_by_course.csv,
gender,Non-Binary,34,string,industry_partner_pack_1,demographic_gender_by_course.csv,
gender,Prefer not to answer,16,string,industry_partner_pack_1,demographic_gender_by_course.csv,
age_band,14 or less,10,string,industry_partner_pack_1,demographic_ageband_by_course.csv,
age_band,15 to 19,44449,string,industry_partner_pack_1,demographic_ageband_by_course.csv,
age_band,20 to 24,66773,string,industry_partner_pack_1,demographic_ageband_by_course.csv,
age_band,25 to 29,24111,string,industry_partner_pack_1,demographic_ageband_by_course.csv,
age_band,30 to 34,11986,string,industry_partner_pack_1,demographic_ageband_by_course.csv,
age_band,35 to 39,8110,string,industry_partner_pack_1,demographic_ageband_by_course.csv,
age_band,40 to 44,5888,string,industry_partner_pack_1,demographic_ageband_by_course.csv,
age_band,45 to 49,4347,string,industry_partner_pack_1,demographic_ageband_by_course.csv,
age_band,50 to 54,2765,string,industry_partner_pack_1,demographic_ageband_by_course.csv,
age_band,55 to 59,1316,string,industry_partner_pack_1,demographic_ageband_by_course.csv,
age_band,60 or more,614,string,industry_partner_pack_1,demographic_ageband_by_course.csv,
socioeconomic_status,High SES,52515,string,industry_partner_pack_1,SES_headcount.csv,
socioeconomic_status,Low SES,11473,string,industry_partner_pack_1,SES_headcount.csv,
socioeconomic_status,Medium SES,38308,string,industry_partner_pack_1,SES_headcount.csv,
socioeconomic_status,Unknown / Not stated,29165,string,industry_partner_pack_1,SES_headcount.csv,
regional_remote_status,Inner Regional,8108,string,industry_partner_pack_1,regional_category_headcount.csv,
regional_remote_status,Major Cities,84488,string,industry_partner_pack_1,regional_category_headcount.csv,
regional_remote_status,Outer Regional,4586,string,industry_partner_pack_1,regional_category_headcount.csv,
regional_remote_status,Remote,677,string,industry_partner_pack_1,regional_category_headcount.csv,
regional_remote_status,Unknown / Not stated,29165,string,industry_partner_pack_1,regional_category_headcount.csv,
regional_remote_status,Very Remote,543,string,industry_partner_pack_1,regional_category_headcount.csv,
course_level,HDR,4700,string,industry_partner_pack_1,demographic_gender_by_course.csv,course group headcount total
course_level,Other,11957,string,industry_partner_pack_1,demographic_gender_by_course.csv,course group headcount total
course_level,Postgraduate (Coursework),33950,string,industry_partner_pack_1,demographic_gender_by_course.csv,course group headcount total
course_level,Undergraduate,80221,string,industry_partner_pack_1,demographic_gender_by_course.csv,course group headcount total
course_group,HDR,4700,string,industry_partner_pack_1,demographic_gender_by_course.csv,course group headcount total
course_group,Other,11957,string,industry_partner_pack_1,demographic_gender_by_course.csv,course group headcount total
course_group,Postgraduate (Coursework),33950,string,industry_partner_pack_1,demographic_gender_by_course.csv,course group headcount total
course_group,Undergraduate,80221,string,industry_partner_pack_1,demographic_gender_by_course.csv,course group headcount total
broad_field_of_education,ARCHITECTURE AND BUILDING,3507,string,industry_partner_pack_1,broad_primary_fields_of_education_2025.csv,
broad_field_of_education,CREATIVE ARTS,3597,string,industry_partner_pack_1,broad_primary_fields_of_education_2025.csv,
broad_field_of_education,EDUCATION,4919,string,industry_partner_pack_1,broad_primary_fields_of_education_2025.csv,
broad_field_of_education,ENGINEERING AND RELATED TECHNOLOGIES,5830,string,industry_partner_pack_1,broad_primary_fields_of_education_2025.csv,
broad_field_of_education,HEALTH,8049,string,industry_partner_pack_1,broad_primary_fields_of_education_2025.csv,
broad_field_of_education,INFORMATION TECHNOLOGY,5738,string,industry_partner_pack_1,broad_primary_fields_of_education_2025.csv,
broad_field_of_education,MANAGEMENT AND COMMERCE,12696,string,industry_partner_pack_1,broad_primary_fields_of_education_2025.csv,
broad_field_of_education,NATURAL AND PHYSICAL SCIENCES,2416,string,industry_partner_pack_1,broad_primary_fields_of_education_2025.csv,
broad_field_of_education,NONE,2065,string,industry_partner_pack_1,broad_primary_fields_of_education_2025.csv,
broad_field_of_education,SOCIETY AND CULTURE,6772,string,industry_partner_pack_1,broad_primary_fields_of_education_2025.csv,
teaching_period,10 Week EAP Teaching Period 1,564,string,industry_partner_pack_1,headcount_by_teaching_period.csv,
teaching_period,10 Week EAP Teaching Period 2,216,string,industry_partner_pack_1,headcount_by_teaching_period.csv,
teaching_period,10 Week EAP Teaching Period 3,775,string,industry_partner_pack_1,headcount_by_teaching_period.csv,
teaching_period,10 Week Teaching Period - 1,326,string,industry_partner_pack_1,headcount_by_teaching_period.csv,
teaching_period,10 Week Teaching Period - 2,453,string,industry_partner_pack_1,headcount_by_teaching_period.csv,
teaching_period,10 Week Teaching Period - 3,292,string,industry_partner_pack_1,headcount_by_teaching_period.csv,
teaching_period,10 Week Teaching Period - 4,627,string,industry_partner_pack_1,headcount_by_teaching_period.csv,
teaching_period,13 Week Teaching Period - 1,519,string,industry_partner_pack_1,headcount_by_teaching_period.csv,
teaching_period,13 Week Teaching Period - 2,478,string,industry_partner_pack_1,headcount_by_teaching_period.csv,
teaching_period,13 Week Teaching Period - 3,389,string,industry_partner_pack_1,headcount_by_teaching_period.csv,
teaching_period,15 Week EAP Teaching Period 1,194,string,industry_partner_pack_1,headcount_by_teaching_period.csv,
teaching_period,15 Week EAP Teaching Period 2,169,string,industry_partner_pack_1,headcount_by_teaching_period.csv,
teaching_period,15 Week EAP Teaching Period 3,355,string,industry_partner_pack_1,headcount_by_teaching_period.csv,
teaching_period,5 Week Teaching Period - 2,139,string,industry_partner_pack_1,headcount_by_teaching_period.csv,
teaching_period,5 Week Teaching Period - 4,216,string,industry_partner_pack_1,headcount_by_teaching_period.csv,
teaching_period,5 Week Teaching Period - 6,270,string,industry_partner_pack_1,headcount_by_teaching_period.csv,
teaching_period,5 Week Teaching Period - 8,364,string,industry_partner_pack_1,headcount_by_teaching_period.csv,
teaching_period,6 Week Teaching Period - 1,708,string,industry_partner_pack_1,headcount_by_teaching_period.csv,
teaching_period,6 Week Teaching Period - 2,2941,string,industry_partner_pack_1,headcount_by_teaching_period.csv,
teaching_period,6 Week Teaching Period - 3,2406,string,industry_partner_pack_1,headcount_by_teaching_period.csv,
teaching_period,6 Week Teaching Period - 4,1296,string,industry_partner_pack_1,headcount_by_teaching_period.csv,
teaching_period,6 Week Teaching Period - 5,702,string,industry_partner_pack_1,headcount_by_teaching_period.csv,
teaching_period,6 Week Teaching Period - 6,192,string,industry_partner_pack_1,headcount_by_teaching_period.csv,
teaching_period,College 1,3697,string,industry_partner_pack_1,headcount_by_teaching_period.csv,
teaching_period,College 2,3999,string,industry_partner_pack_1,headcount_by_teaching_period.csv,
teaching_period,College 5 Week TP - 1,155,string,industry_partner_pack_1,headcount_by_teaching_period.csv,
teaching_period,College 5 Week TP - 2,302,string,industry_partner_pack_1,headcount_by_teaching_period.csv,
teaching_period,College 5 Week TP - 3,175,string,industry_partner_pack_1,headcount_by_teaching_period.csv,
teaching_period,College 5 Week TP - 4,240,string,industry_partner_pack_1,headcount_by_teaching_period.csv,
teaching_period,College 5 Week TP - 5,189,string,industry_partner_pack_1,headcount_by_teaching_period.csv,
teaching_period,College 5 Week TP - 6,190,string,industry_partner_pack_1,headcount_by_teaching_period.csv,
teaching_period,College 5 Week TP - 7,259,string,industry_partner_pack_1,headcount_by_teaching_period.csv,
teaching_period,College 5 Week TP - 8,208,string,industry_partner_pack_1,headcount_by_teaching_period.csv,
teaching_period,College 5 Week TP - 9,197,string,industry_partner_pack_1,headcount_by_teaching_period.csv,
teaching_period,College Summer,2121,string,industry_partner_pack_1,headcount_by_teaching_period.csv,
teaching_period,Exchange - 1,368,string,industry_partner_pack_1,headcount_by_teaching_period.csv,
teaching_period,Exchange - 2,587,string,industry_partner_pack_1,headcount_by_teaching_period.csv,
teaching_period,Flexible Period - 01A,406,string,industry_partner_pack_1,headcount_by_teaching_period.csv,
teaching_period,Flexible Period - 02A,1410,string,industry_partner_pack_1,headcount_by_teaching_period.csv,
teaching_period,Flexible Period - 02B,98,string,industry_partner_pack_1,headcount_by_teaching_period.csv,
teaching_period,Flexible Period - 03A,2831,string,industry_partner_pack_1,headcount_by_teaching_period.csv,
teaching_period,Flexible Period - 03B,46,string,industry_partner_pack_1,headcount_by_teaching_period.csv,
teaching_period,Flexible Period - 04A,2284,string,industry_partner_pack_1,headcount_by_teaching_period.csv,
teaching_period,Flexible Period - 04B,97,string,industry_partner_pack_1,headcount_by_teaching_period.csv,
teaching_period,Flexible Period - 05A,2068,string,industry_partner_pack_1,headcount_by_teaching_period.csv,
teaching_period,Flexible Period - 05B,87,string,industry_partner_pack_1,headcount_by_teaching_period.csv,
teaching_period,Flexible Period - 06A,2390,string,industry_partner_pack_1,headcount_by_teaching_period.csv,
teaching_period,Flexible Period - 06B,109,string,industry_partner_pack_1,headcount_by_teaching_period.csv,
teaching_period,Flexible Period - 07A,1585,string,industry_partner_pack_1,headcount_by_teaching_period.csv,
teaching_period,Flexible Period - 08A,3972,string,industry_partner_pack_1,headcount_by_teaching_period.csv,
teaching_period,Flexible Period - 08B,120,string,industry_partner_pack_1,headcount_by_teaching_period.csv,
teaching_period,Flexible Period - 09A,4477,string,industry_partner_pack_1,headcount_by_teaching_period.csv,
teaching_period,Flexible Period - 09B,30,string,industry_partner_pack_1,headcount_by_teaching_period.csv,
teaching_period,Flexible Period - 10A,4173,string,industry_partner_pack_1,headcount_by_teaching_period.csv,
teaching_period,Flexible Period - 10B,77,string,industry_partner_pack_1,headcount_by_teaching_period.csv,
teaching_period,Flexible Period - 11A,2375,string,industry_partner_pack_1,headcount_by_teaching_period.csv,
teaching_period,Flexible Period - 11B,56,string,industry_partner_pack_1,headcount_by_teaching_period.csv,
teaching_period,Flexible Period - 12A,720,string,industry_partner_pack_1,headcount_by_teaching_period.csv,
teaching_period,Flexible Period - 12B,51,string,industry_partner_pack_1,headcount_by_teaching_period.csv,
teaching_period,Flexible Period - A,630,string,industry_partner_pack_1,headcount_by_teaching_period.csv,
teaching_period,Flexible Period - AB,80,string,industry_partner_pack_1,headcount_by_teaching_period.csv,
teaching_period,Flexible Period - B,1315,string,industry_partner_pack_1,headcount_by_teaching_period.csv,
teaching_period,Research Period 1,4525,string,industry_partner_pack_1,headcount_by_teaching_period.csv,
teaching_period,Research Period 2,4566,string,industry_partner_pack_1,headcount_by_teaching_period.csv,
teaching_period,Semester 1,95121,string,industry_partner_pack_1,headcount_by_teaching_period.csv,
teaching_period,Semester 1 - 5 Week A,1419,string,industry_partner_pack_1,headcount_by_teaching_period.csv,
teaching_period,Semester 1 - 5 Week B,1255,string,industry_partner_pack_1,headcount_by_teaching_period.csv,
teaching_period,Semester 1 - 6 Week A,4172,string,industry_partner_pack_1,headcount_by_teaching_period.csv,
teaching_period,Semester 1 - 6 Week B,4744,string,industry_partner_pack_1,headcount_by_teaching_period.csv,
teaching_period,Semester 2,90599,string,industry_partner_pack_1,headcount_by_teaching_period.csv,
teaching_period,Semester 2 - 5 Week C,1607,string,industry_partner_pack_1,headcount_by_teaching_period.csv,
teaching_period,Semester 2 - 5 Week D,1415,string,industry_partner_pack_1,headcount_by_teaching_period.csv,
teaching_period,Semester 2 - 6 Week C,4712,string,industry_partner_pack_1,headcount_by_teaching_period.csv,
teaching_period,Semester 2 - 6 Week D,4859,string,industry_partner_pack_1,headcount_by_teaching_period.csv,
teaching_period,Session 1,3635,string,industry_partner_pack_1,headcount_by_teaching_period.csv,
teaching_period,Session 2,3757,string,industry_partner_pack_1,headcount_by_teaching_period.csv,
teaching_period,Session 3,3934,string,industry_partner_pack_1,headcount_by_teaching_period.csv,
teaching_period,Session 4,4085,string,industry_partner_pack_1,headcount_by_teaching_period.csv,
teaching_period,Session-1A,1091,string,industry_partner_pack_1,headcount_by_teaching_period.csv,
teaching_period,Session-1B,1055,string,industry_partner_pack_1,headcount_by_teaching_period.csv,
teaching_period,Session-2A,929,string,industry_partner_pack_1,headcount_by_teaching_period.csv,
teaching_period,Session-2B,749,string,industry_partner_pack_1,headcount_by_teaching_period.csv,
teaching_period,Session-3A,1119,string,industry_partner_pack_1,headcount_by_teaching_period.csv,
teaching_period,Session-3B,1142,string,industry_partner_pack_1,headcount_by_teaching_period.csv,
teaching_period,Session-4A,900,string,industry_partner_pack_1,headcount_by_teaching_period.csv,
teaching_period,Session-4B,767,string,industry_partner_pack_1,headcount_by_teaching_period.csv,
teaching_period,Summer,10659,string,industry_partner_pack_1,headcount_by_teaching_period.csv,
teaching_period,Summer 1,338,string,industry_partner_pack_1,headcount_by_teaching_period.csv,
teaching_period,Summer 2,1404,string,industry_partner_pack_1,headcount_by_teaching_period.csv,
international_domestic_student,Domestic,100665,string,industry_partner_pack_1,demographic_domestic_international_by_course.csv,
international_domestic_student,International,30191,string,industry_partner_pack_1,demographic_domestic_international_by_course.csv,
indigenous_status,First Nations,2333,string,industry_partner_pack_1,demographic_indigenous_status_course.csv,
indigenous_status,Non-Indigenous / Not stated,128523,string,industry_partner_pack_1,demographic_indigenous_status_course.csv,
attendance_mode_group,On-campus,106517,string,industry_partner_pack_1,demographic_attendance_course.csv,
attendance_mode_group,Online,61955,string,industry_partner_pack_1,demographic_attendance_course.csv,
attendance_mode_group,Mixed / Other,1046,string,industry_partner_pack_1,demographic_attendance_course.csv,
calendar_year,2021,457,int,industry_partner_pack_1,distinct_course_by_type.csv,
calendar_year,2022,453,int,industry_partner_pack_1,distinct_course_by_type.csv,
calendar_year,2023,444,int,industry_partner_pack_1,distinct_course_by_type.csv,
calendar_year,2024,494,int,industry_partner_pack_1,distinct_course_by_type.csv,
calendar_year,2025,569,int,industry_partner_pack_1,distinct_course_by_type.csv,
calendar_year,2026,575,int,industry_partner_pack_1,distinct_course_by_type.csv,
