field_of_education,teaching_period,eftsl_band,enrolment_count
ARCHITECTURE AND BUILDING,College 1,0–0.125,284
ARCHITECTURE AND BUILDING,College 2,0–0.125,366
ARCHITECTURE AND BUILDING,College Summer,0–0.125,124
ARCHITECTURE AND BUILDING,Exchange - 1,0–0.125,205
ARCHITECTURE AND BUILDING,Exchange - 2,0.125–0.25,6
ARCHITECTURE AND BUILDING,Exchange - 2,0–0.125,288
ARCHITECTURE AND BUILDING,Research Period 1,0–0.125,6
ARCHITECTURE AND BUILDING,Research Period 2,0.125–0.25,6
ARCHITECTURE AND BUILDING,Research Period 2,0–0.125,6
ARCHITECTURE AND BUILDING,Semester 1,0.125–0.25,798
ARCHITECTURE AND BUILDING,Semester 1,0–0.125,54368
ARCHITECTURE AND BUILDING,Semester 1 - 6 Week A,0–0.125,1036
ARCHITECTURE AND BUILDING,Semester 1 - 6 Week B,0–0.125,1159
ARCHITECTURE AND BUILDING,Semester 2,0.125–0.25,1579
ARCHITECTURE AND BUILDING,Semester 2,0.25–0.5,128
ARCHITECTURE AND BUILDING,Semester 2,0–0.125,48855
ARCHITECTURE AND BUILDING,Semester 2 - 6 Week C,0–0.125,480
ARCHITECTURE AND BUILDING,Semester 2 - 6 Week D,0–0.125,475
ARCHITECTURE AND BUILDING,Summer,0–0.125,550
ARCHITECTURE AND BUILDING,Summer 1,0–0.125,6
ARCHITECTURE AND BUILDING,Summer 2,0–0.125,18
CREATIVE ARTS,13 Week Teaching Period - 1,0–0.125,242
CREATIVE ARTS,13 Week Teaching Period - 2,0–0.125,219
CREATIVE ARTS,13 Week Teaching Period - 3,0–0.125,230
CREATIVE ARTS,6 Week Teaching Period - 2,0–0.125,23
CREATIVE ARTS,6 Week Teaching Period - 3,0–0.125,22
CREATIVE ARTS,6 Week Teaching Period - 4,0–0.125,8
CREATIVE ARTS,6 Week Teaching Period - 5,0–0.125,12
CREATIVE ARTS,College 1,0–0.125,1201
CREATIVE ARTS,College 2,0–0.125,1342
CREATIVE ARTS,College Summer,0–0.125,802
CREATIVE ARTS,Exchange - 1,0–0.125,144
CREATIVE ARTS,Exchange - 2,0.125–0.25,6
CREATIVE ARTS,Exchange - 2,0–0.125,250
CREATIVE ARTS,Flexible Period - 03A,0–0.125,552
CREATIVE ARTS,Flexible Period - 04A,0–0.125,410
CREATIVE ARTS,Flexible Period - 05A,0.125–0.25,135
CREATIVE ARTS,Flexible Period - 05A,0–0.125,925
CREATIVE ARTS,Flexible Period - 06A,0–0.125,96
CREATIVE ARTS,Flexible Period - 08A,0–0.125,905
CREATIVE ARTS,Flexible Period - 09A,0–0.125,212
CREATIVE ARTS,Flexible Period - 10A,0.125–0.25,140
CREATIVE ARTS,Flexible Period - 10A,0–0.125,649
CREATIVE ARTS,Flexible Period - 11A,0–0.125,89
CREATIVE ARTS,Research Period 1,0.125–0.25,37
CREATIVE ARTS,Research Period 1,0.25–0.5,14
CREATIVE ARTS,Research Period 1,0–0.125,121
CREATIVE ARTS,Research Period 1,1.0+,6
CREATIVE ARTS,Research Period 2,0.125–0.25,34
CREATIVE ARTS,Research Period 2,0.25–0.5,10
CREATIVE ARTS,Research Period 2,0–0.125,113
CREATIVE ARTS,Research Period 2,1.0+,6
CREATIVE ARTS,Semester 1,0.125–0.25,1816
CREATIVE ARTS,Semester 1,0–0.125,50608
CREATIVE ARTS,Semester 1 - 5 Week A,0–0.125,16
CREATIVE ARTS,Semester 1 - 5 Week B,0–0.125,14
CREATIVE ARTS,Semester 1 - 6 Week A,0–0.125,364
CREATIVE ARTS,Semester 1 - 6 Week B,0–0.125,556
CREATIVE ARTS,Semester 2,0.125–0.25,2476
CREATIVE ARTS,Semester 2,0–0.125,44670
CREATIVE ARTS,Semester 2 - 5 Week C,0–0.125,20
CREATIVE ARTS,Semester 2 - 5 Week D,0–0.125,16
CREATIVE ARTS,Semester 2 - 6 Week C,0–0.125,469
CREATIVE ARTS,Semester 2 - 6 Week D,0–0.125,369
CREATIVE ARTS,Session 1,0–0.125,105
CREATIVE ARTS,Session 2,0–0.125,146
CREATIVE ARTS,Session 3,0–0.125,109
CREATIVE ARTS,Session 4,0–0.125,146
CREATIVE ARTS,Session-1A,0–0.125,156
CREATIVE ARTS,Session-1B,0–0.125,146
CREATIVE ARTS,Session-2A,0–0.125,64
CREATIVE ARTS,Session-2B,0–0.125,57
CREATIVE ARTS,Session-3A,0–0.125,119
CREATIVE ARTS,Session-3B,0–0.125,114
CREATIVE ARTS,Session-4A,0–0.125,61
CREATIVE ARTS,Session-4B,0–0.125,54
CREATIVE ARTS,Summer,0.125–0.25,20
CREATIVE ARTS,Summer,0–0.125,1104
CREATIVE ARTS,Summer 1,0–0.125,6
CREATIVE ARTS,Summer 2,0–0.125,48
EDUCATION,10 Week Teaching Period - 1,0–0.125,28
EDUCATION,10 Week Teaching Period - 2,0–0.125,6
EDUCATION,10 Week Teaching Period - 3,0–0.125,6
EDUCATION,10 Week Teaching Period - 4,0–0.125,356
EDUCATION,5 Week Teaching Period - 1,0–0.125,6
EDUCATION,5 Week Teaching Period - 2,0–0.125,139
EDUCATION,5 Week Teaching Period - 4,0–0.125,297
EDUCATION,5 Week Teaching Period - 6,0–0.125,358
EDUCATION,5 Week Teaching Period - 8,0–0.125,532
EDUCATION,6 Week Teaching Period - 1,0–0.125,368
EDUCATION,6 Week Teaching Period - 2,0–0.125,4384
EDUCATION,6 Week Teaching Period - 3,0–0.125,3048
EDUCATION,6 Week Teaching Period - 4,0–0.125,1348
EDUCATION,6 Week Teaching Period - 5,0–0.125,404
EDUCATION,Exchange - 1,0–0.125,7
EDUCATION,Exchange - 2,0–0.125,11
EDUCATION,Flexible Period - 01A,0–0.125,305
EDUCATION,Flexible Period - 02A,0–0.125,744
EDUCATION,Flexible Period - 03A,0–0.125,2232
EDUCATION,Flexible Period - 04A,0.125–0.25,31
EDUCATION,Flexible Period - 04A,0–0.125,97
EDUCATION,Flexible Period - 05A,0–0.125,293
EDUCATION,Flexible Period - 06A,0–0.125,1004
EDUCATION,Flexible Period - 07A,0–0.125,1796
EDUCATION,Flexible Period - 08A,0–0.125,1379
EDUCATION,Flexible Period - 09A,0–0.125,5600
EDUCATION,Flexible Period - 10A,0–0.125,3797
EDUCATION,Flexible Period - 11A,0–0.125,1420
EDUCATION,Flexible Period - B,0–0.125,69
EDUCATION,Research Period 1,0.125–0.25,238
EDUCATION,Research Period 1,0.25–0.5,60
EDUCATION,Research Period 1,0–0.125,383
EDUCATION,Research Period 1,1.0+,6
EDUCATION,Research Period 2,0.125–0.25,197
EDUCATION,Research Period 2,0.25–0.5,57
EDUCATION,Research Period 2,0–0.125,415
EDUCATION,Semester 1,0.125–0.25,51
EDUCATION,Semester 1,0–0.125,51178
EDUCATION,Semester 1 - 6 Week A,0–0.125,148
EDUCATION,Semester 1 - 6 Week B,0–0.125,144
EDUCATION,Semester 2,0–0.125,39488
EDUCATION,Semester 2 - 6 Week C,0–0.125,452
EDUCATION,Semester 2 - 6 Week D,0–0.125,1023
EDUCATION,Session 1,0–0.125,1551
EDUCATION,Session 2,0–0.125,1762
EDUCATION,Session 3,0–0.125,1770
EDUCATION,Session 4,0–0.125,2013
EDUCATION,Session-1A,0–0.125,308
EDUCATION,Session-1B,0–0.125,275
EDUCATION,Session-2A,0–0.125,118
EDUCATION,Session-2B,0–0.125,104
EDUCATION,Session-3A,0–0.125,340
EDUCATION,Session-3B,0–0.125,309
EDUCATION,Session-4A,0–0.125,89
EDUCATION,Session-4B,0–0.125,91
EDUCATION,Summer,0–0.125,385
EDUCATION,Summer 1,0–0.125,403
EDUCATION,Summer 2,0–0.125,283
ENGINEERING AND RELATED TECHNOLOGIES,13 Week Teaching Period - 1,0–0.125,177
ENGINEERING AND RELATED TECHNOLOGIES,13 Week Teaching Period - 2,0–0.125,220
ENGINEERING AND RELATED TECHNOLOGIES,13 Week Teaching Period - 3,0–0.125,171
ENGINEERING AND RELATED TECHNOLOGIES,College 1,0–0.125,3285
ENGINEERING AND RELATED TECHNOLOGIES,College 2,0–0.125,3291
ENGINEERING AND RELATED TECHNOLOGIES,College Summer,0–0.125,1222
ENGINEERING AND RELATED TECHNOLOGIES,Exchange - 1,0–0.125,89
ENGINEERING AND RELATED TECHNOLOGIES,Exchange - 2,0–0.125,158
ENGINEERING AND RELATED TECHNOLOGIES,Research Period 1,0.125–0.25,6
ENGINEERING AND RELATED TECHNOLOGIES,Research Period 1,0–0.125,16
ENGINEERING AND RELATED TECHNOLOGIES,Research Period 2,0.125–0.25,6
ENGINEERING AND RELATED TECHNOLOGIES,Research Period 2,0–0.125,11
ENGINEERING AND RELATED TECHNOLOGIES,Semester 1,0.125–0.25,56
ENGINEERING AND RELATED TECHNOLOGIES,Semester 1,0–0.125,113005
ENGINEERING AND RELATED TECHNOLOGIES,Semester 1 - 6 Week A,0–0.125,529
ENGINEERING AND RELATED TECHNOLOGIES,Semester 1 - 6 Week B,0–0.125,543
ENGINEERING AND RELATED TECHNOLOGIES,Semester 2,0.125–0.25,37
ENGINEERING AND RELATED TECHNOLOGIES,Semester 2,0–0.125,88751
ENGINEERING AND RELATED TECHNOLOGIES,Semester 2 - 6 Week C,0–0.125,530
ENGINEERING AND RELATED TECHNOLOGIES,Semester 2 - 6 Week D,0–0.125,481
ENGINEERING AND RELATED TECHNOLOGIES,Session 2,0–0.125,6
ENGINEERING AND RELATED TECHNOLOGIES,Session 4,0–0.125,6
ENGINEERING AND RELATED TECHNOLOGIES,Summer,0–0.125,385
ENGINEERING AND RELATED TECHNOLOGIES,Summer 1,0–0.125,6
ENGINEERING AND RELATED TECHNOLOGIES,Summer 2,0–0.125,20
HEALTH,13 Week Teaching Period - 1,0–0.125,210
HEALTH,13 Week Teaching Period - 2,0–0.125,189
HEALTH,13 Week Teaching Period - 3,0–0.125,80
HEALTH,College 1,0–0.125,2209
HEALTH,College 2,0–0.125,2903
HEALTH,College Summer,0–0.125,1345
HEALTH,Exchange - 1,0–0.125,6
HEALTH,Exchange - 2,0–0.125,11
HEALTH,Flexible Period - 02A,0–0.125,30
HEALTH,Flexible Period - 03A,0–0.125,60
HEALTH,Flexible Period - 04A,0–0.125,408
HEALTH,Flexible Period - 05A,0–0.125,441
HEALTH,Flexible Period - 06A,0–0.125,310
HEALTH,Flexible Period - 08A,0–0.125,24
HEALTH,Flexible Period - 09A,0–0.125,55
HEALTH,Flexible Period - 10A,0.125–0.25,256
HEALTH,Flexible Period - 10A,0–0.125,98
HEALTH,Flexible Period - A,0–0.125,25
HEALTH,Flexible Period - B,0.125–0.25,308
HEALTH,Flexible Period - B,0–0.125,401
HEALTH,Research Period 1,0.125–0.25,7
HEALTH,Research Period 1,0–0.125,48
HEALTH,Research Period 2,0.125–0.25,9
HEALTH,Research Period 2,0–0.125,30
HEALTH,Semester 1,0.125–0.25,4917
HEALTH,Semester 1,0.25–0.5,10
HEALTH,Semester 1,0–0.125,100034
HEALTH,Semester 1 - 6 Week A,0–0.125,283
HEALTH,Semester 1 - 6 Week B,0–0.125,377
HEALTH,Semester 2,0.125–0.25,3714
HEALTH,Semester 2,0.25–0.5,11
HEALTH,Semester 2,0–0.125,96762
HEALTH,Semester 2 - 5 Week C,0–0.125,6
HEALTH,Semester 2 - 5 Week D,0–0.125,6
HEALTH,Semester 2 - 6 Week C,0–0.125,125
HEALTH,Semester 2 - 6 Week D,0–0.125,159
HEALTH,Session 1,0–0.125,722
HEALTH,Session 2,0–0.125,681
HEALTH,Session 3,0–0.125,740
HEALTH,Session 4,0–0.125,732
HEALTH,Summer,0.125–0.25,1389
HEALTH,Summer,0.25–0.5,6
HEALTH,Summer,0–0.125,490
HEALTH,Summer 2,0–0.125,6
INFORMATION TECHNOLOGY,13 Week Teaching Period - 1,0–0.125,166
INFORMATION TECHNOLOGY,13 Week Teaching Period - 2,0–0.125,144
INFORMATION TECHNOLOGY,13 Week Teaching Period - 3,0–0.125,136
INFORMATION TECHNOLOGY,College 1,0–0.125,1971
INFORMATION TECHNOLOGY,College 2,0–0.125,2130
INFORMATION TECHNOLOGY,College Summer,0–0.125,1236
INFORMATION TECHNOLOGY,Exchange - 1,0–0.125,44
INFORMATION TECHNOLOGY,Exchange - 2,0–0.125,54
INFORMATION TECHNOLOGY,Flexible Period - 04A,0–0.125,6
INFORMATION TECHNOLOGY,Research Period 1,0.125–0.25,6
INFORMATION TECHNOLOGY,Research Period 1,0–0.125,8
INFORMATION TECHNOLOGY,Research Period 2,0.125–0.25,6
INFORMATION TECHNOLOGY,Research Period 2,0–0.125,9
INFORMATION TECHNOLOGY,Semester 1,0.125–0.25,985
INFORMATION TECHNOLOGY,Semester 1,0–0.125,50541
INFORMATION TECHNOLOGY,Semester 1 - 5 Week A,0–0.125,3782
INFORMATION TECHNOLOGY,Semester 1 - 5 Week B,0–0.125,3032
INFORMATION TECHNOLOGY,Semester 1 - 6 Week A,0–0.125,333
INFORMATION TECHNOLOGY,Semester 1 - 6 Week B,0–0.125,453
INFORMATION TECHNOLOGY,Semester 2,0.125–0.25,930
INFORMATION TECHNOLOGY,Semester 2,0–0.125,46412
INFORMATION TECHNOLOGY,Semester 2 - 5 Week C,0–0.125,4021
INFORMATION TECHNOLOGY,Semester 2 - 5 Week D,0–0.125,3343
INFORMATION TECHNOLOGY,Semester 2 - 6 Week C,0–0.125,915
INFORMATION TECHNOLOGY,Semester 2 - 6 Week D,0–0.125,835
INFORMATION TECHNOLOGY,Session 1,0–0.125,857
INFORMATION TECHNOLOGY,Session 2,0–0.125,857
INFORMATION TECHNOLOGY,Session 3,0–0.125,1042
INFORMATION TECHNOLOGY,Session 4,0–0.125,1062
INFORMATION TECHNOLOGY,Session-1A,0–0.125,938
INFORMATION TECHNOLOGY,Session-1B,0–0.125,909
INFORMATION TECHNOLOGY,Session-2A,0–0.125,972
INFORMATION TECHNOLOGY,Session-2B,0–0.125,775
INFORMATION TECHNOLOGY,Session-3A,0–0.125,969
INFORMATION TECHNOLOGY,Session-3B,0–0.125,1015
INFORMATION TECHNOLOGY,Session-4A,0–0.125,1005
INFORMATION TECHNOLOGY,Session-4B,0–0.125,828
INFORMATION TECHNOLOGY,Summer,0.125–0.25,6
INFORMATION TECHNOLOGY,Summer,0–0.125,398
INFORMATION TECHNOLOGY,Summer 1,0–0.125,6
INFORMATION TECHNOLOGY,Summer 2,0–0.125,17
MANAGEMENT AND COMMERCE,10 Week Teaching Period - 1,0–0.125,370
MANAGEMENT AND COMMERCE,10 Week Teaching Period - 2,0–0.125,465
MANAGEMENT AND COMMERCE,10 Week Teaching Period - 3,0–0.125,324
MANAGEMENT AND COMMERCE,10 Week Teaching Period - 4,0–0.125,316
MANAGEMENT AND COMMERCE,13 Week Teaching Period - 1,0–0.125,518
MANAGEMENT AND COMMERCE,13 Week Teaching Period - 2,0–0.125,536
MANAGEMENT AND COMMERCE,13 Week Teaching Period - 3,0–0.125,408
MANAGEMENT AND COMMERCE,6 Week Teaching Period - 1,0–0.125,272
MANAGEMENT AND COMMERCE,6 Week Teaching Period - 2,0–0.125,370
MANAGEMENT AND COMMERCE,6 Week Teaching Period - 3,0–0.125,385
MANAGEMENT AND COMMERCE,6 Week Teaching Period - 4,0–0.125,200
MANAGEMENT AND COMMERCE,6 Week Teaching Period - 5,0–0.125,239
MANAGEMENT AND COMMERCE,6 Week Teaching Period - 6,0–0.125,127
MANAGEMENT AND COMMERCE,College 1,0–0.125,3585
MANAGEMENT AND COMMERCE,College 2,0–0.125,3796
MANAGEMENT AND COMMERCE,College Summer,0–0.125,1863
MANAGEMENT AND COMMERCE,Exchange - 1,0–0.125,697
MANAGEMENT AND COMMERCE,Exchange - 2,0.125–0.25,6
MANAGEMENT AND COMMERCE,Exchange - 2,0.25–0.5,6
MANAGEMENT AND COMMERCE,Exchange - 2,0–0.125,1006
MANAGEMENT AND COMMERCE,Flexible Period - 01B,0–0.125,6
MANAGEMENT AND COMMERCE,Flexible Period - 02A,0–0.125,928
MANAGEMENT AND COMMERCE,Flexible Period - 02B,0–0.125,184
MANAGEMENT AND COMMERCE,Flexible Period - 03A,0–0.125,695
MANAGEMENT AND COMMERCE,Flexible Period - 03B,0–0.125,87
MANAGEMENT AND COMMERCE,Flexible Period - 04A,0–0.125,1800
MANAGEMENT AND COMMERCE,Flexible Period - 04B,0–0.125,161
MANAGEMENT AND COMMERCE,Flexible Period - 05A,0–0.125,817
MANAGEMENT AND COMMERCE,Flexible Period - 05B,0–0.125,147
MANAGEMENT AND COMMERCE,Flexible Period - 06A,0–0.125,1666
MANAGEMENT AND COMMERCE,Flexible Period - 06B,0–0.125,222
MANAGEMENT AND COMMERCE,Flexible Period - 07A,0–0.125,94
MANAGEMENT AND COMMERCE,Flexible Period - 08A,0–0.125,1970
MANAGEMENT AND COMMERCE,Flexible Period - 08B,0–0.125,209
MANAGEMENT AND COMMERCE,Flexible Period - 09A,0–0.125,900
MANAGEMENT AND COMMERCE,Flexible Period - 09B,0–0.125,30
MANAGEMENT AND COMMERCE,Flexible Period - 10A,0–0.125,1171
MANAGEMENT AND COMMERCE,Flexible Period - 10B,0–0.125,149
MANAGEMENT AND COMMERCE,Flexible Period - 11A,0–0.125,1248
MANAGEMENT AND COMMERCE,Flexible Period - 11B,0–0.125,96
MANAGEMENT AND COMMERCE,Flexible Period - 12A,0–0.125,686
MANAGEMENT AND COMMERCE,Flexible Period - 12B,0–0.125,98
MANAGEMENT AND COMMERCE,Flexible Period - A,0–0.125,952
MANAGEMENT AND COMMERCE,Flexible Period - AB,0–0.125,212
MANAGEMENT AND COMMERCE,Flexible Period - B,0–0.125,547
MANAGEMENT AND COMMERCE,Research Period 1,0.125–0.25,7062
MANAGEMENT AND COMMERCE,Research Period 1,0.25–0.5,3255
MANAGEMENT AND COMMERCE,Research Period 1,0–0.125,13141
MANAGEMENT AND COMMERCE,Research Period 1,1.0+,25
MANAGEMENT AND COMMERCE,Research Period 2,0.125–0.25,7066
MANAGEMENT AND COMMERCE,Research Period 2,0.25–0.5,3451
MANAGEMENT AND COMMERCE,Research Period 2,0–0.125,13220
MANAGEMENT AND COMMERCE,Research Period 2,1.0+,24
MANAGEMENT AND COMMERCE,Semester 1,0.125–0.25,743
MANAGEMENT AND COMMERCE,Semester 1,0.25–0.5,6
MANAGEMENT AND COMMERCE,Semester 1,0–0.125,138165
MANAGEMENT AND COMMERCE,Semester 1 - 5 Week A,0–0.125,15
MANAGEMENT AND COMMERCE,Semester 1 - 5 Week B,0–0.125,12
MANAGEMENT AND COMMERCE,Semester 1 - 6 Week A,0–0.125,346
MANAGEMENT AND COMMERCE,Semester 1 - 6 Week B,0–0.125,646
MANAGEMENT AND COMMERCE,Semester 2,0.125–0.25,590
MANAGEMENT AND COMMERCE,Semester 2,0–0.125,125898
MANAGEMENT AND COMMERCE,Semester 2 - 5 Week C,0–0.125,9
MANAGEMENT AND COMMERCE,Semester 2 - 5 Week D,0–0.125,8
MANAGEMENT AND COMMERCE,Semester 2 - 6 Week C,0–0.125,892
MANAGEMENT AND COMMERCE,Semester 2 - 6 Week D,0–0.125,736
MANAGEMENT AND COMMERCE,Session 1,0–0.125,806
MANAGEMENT AND COMMERCE,Session 2,0–0.125,799
MANAGEMENT AND COMMERCE,Session 3,0–0.125,790
MANAGEMENT AND COMMERCE,Session 4,0–0.125,763
MANAGEMENT AND COMMERCE,Session-1A,0–0.125,6
MANAGEMENT AND COMMERCE,Session-2A,0–0.125,6
MANAGEMENT AND COMMERCE,Session-4B,0–0.125,6
MANAGEMENT AND COMMERCE,Summer,0.125–0.25,116
MANAGEMENT AND COMMERCE,Summer,0–0.125,7790
MANAGEMENT AND COMMERCE,Summer 1,0–0.125,37
MANAGEMENT AND COMMERCE,Summer 2,0.125–0.25,27
MANAGEMENT AND COMMERCE,Summer 2,0–0.125,708
MIXED FIELD PROGRAMMES,13 Week Teaching Period - 1,0–0.125,36
MIXED FIELD PROGRAMMES,13 Week Teaching Period - 2,0–0.125,6
MIXED FIELD PROGRAMMES,13 Week Teaching Period - 3,0–0.125,6
MIXED FIELD PROGRAMMES,College 1,0–0.125,15
MIXED FIELD PROGRAMMES,College 2,0–0.125,8
MIXED FIELD PROGRAMMES,Flexible Period - 03A,0–0.125,6
MIXED FIELD PROGRAMMES,Flexible Period - 05A,0–0.125,6
MIXED FIELD PROGRAMMES,Semester 1,0–0.125,12
MIXED FIELD PROGRAMMES,Semester 1 - 5 Week A,0–0.125,6
MIXED FIELD PROGRAMMES,Semester 1 - 5 Week B,0–0.125,6
MIXED FIELD PROGRAMMES,Semester 2,0–0.125,6
MIXED FIELD PROGRAMMES,Summer 2,0–0.125,6
NATURAL AND PHYSICAL SCIENCES,6 Week Teaching Period - 2,0–0.125,6
NATURAL AND PHYSICAL SCIENCES,6 Week Teaching Period - 3,0–0.125,6
NATURAL AND PHYSICAL SCIENCES,6 Week Teaching Period - 5,0–0.125,6
NATURAL AND PHYSICAL SCIENCES,Exchange - 1,0–0.125,33
NATURAL AND PHYSICAL SCIENCES,Exchange - 2,0–0.125,102
NATURAL AND PHYSICAL SCIENCES,Research Period 1,0.125–0.25,6
NATURAL AND PHYSICAL SCIENCES,Research Period 1,0–0.125,18
NATURAL AND PHYSICAL SCIENCES,Research Period 2,0.125–0.25,6
NATURAL AND PHYSICAL SCIENCES,Research Period 2,0–0.125,8
NATURAL AND PHYSICAL SCIENCES,Semester 1,0.125–0.25,156
NATURAL AND PHYSICAL SCIENCES,Semester 1,0.25–0.5,9
NATURAL AND PHYSICAL SCIENCES,Semester 1,0–0.125,36090
NATURAL AND PHYSICAL SCIENCES,Semester 1 - 5 Week A,0–0.125,18
NATURAL AND PHYSICAL SCIENCES,Semester 1 - 5 Week B,0–0.125,16
NATURAL AND PHYSICAL SCIENCES,Semester 1 - 6 Week A,0–0.125,2781
NATURAL AND PHYSICAL SCIENCES,Semester 1 - 6 Week B,0–0.125,2740
NATURAL AND PHYSICAL SCIENCES,Semester 2,0.125–0.25,136
NATURAL AND PHYSICAL SCIENCES,Semester 2,0.25–0.5,11
NATURAL AND PHYSICAL SCIENCES,Semester 2,0–0.125,34662
NATURAL AND PHYSICAL SCIENCES,Semester 2 - 5 Week C,0–0.125,6
NATURAL AND PHYSICAL SCIENCES,Semester 2 - 5 Week D,0–0.125,6
NATURAL AND PHYSICAL SCIENCES,Semester 2 - 6 Week C,0–0.125,1309
NATURAL AND PHYSICAL SCIENCES,Semester 2 - 6 Week D,0–0.125,1372
NATURAL AND PHYSICAL SCIENCES,Summer,0.125–0.25,14
NATURAL AND PHYSICAL SCIENCES,Summer,0–0.125,688
NATURAL AND PHYSICAL SCIENCES,Summer 1,0–0.125,6
NATURAL AND PHYSICAL SCIENCES,Summer 2,0–0.125,32
NONE,10 Week EAP Teaching Period 1,0.25–0.5,487
NONE,10 Week EAP Teaching Period 2,0.25–0.5,217
NONE,10 Week EAP Teaching Period 3,0.25–0.5,701
NONE,10 Week Teaching Period - 1,0–0.125,52
NONE,10 Week Teaching Period - 2,0–0.125,93
NONE,10 Week Teaching Period - 3,0–0.125,54
NONE,10 Week Teaching Period - 4,0–0.125,50
NONE,13 Week Teaching Period - 1,0–0.125,340
NONE,13 Week Teaching Period - 2,0–0.125,326
NONE,13 Week Teaching Period - 3,0–0.125,231
NONE,15 Week EAP Teaching Period 1,0.5–0.75,194
NONE,15 Week EAP Teaching Period 2,0.5–0.75,169
NONE,15 Week EAP Teaching Period 3,0.5–0.75,356
NONE,6 Week Teaching Period - 1,0–0.125,61
NONE,6 Week Teaching Period - 2,0–0.125,103
NONE,6 Week Teaching Period - 3,0–0.125,140
NONE,6 Week Teaching Period - 4,0–0.125,52
NONE,6 Week Teaching Period - 5,0–0.125,69
NONE,6 Week Teaching Period - 6,0–0.125,89
NONE,College 1,0–0.125,1953
NONE,College 2,0–0.125,1824
NONE,College Summer,0–0.125,65
NONE,Flexible Period - 02A,0–0.125,6
NONE,Flexible Period - 03A,0–0.125,6
NONE,Flexible Period - 04A,0–0.125,8
NONE,Flexible Period - 05A,0–0.125,12
NONE,Flexible Period - 06A,0–0.125,6
NONE,Flexible Period - 07A,0–0.125,53
NONE,Flexible Period - 08A,0–0.125,6
NONE,Flexible Period - 09A,0–0.125,6
NONE,Flexible Period - 10A,0–0.125,48
NONE,Flexible Period - 11A,0–0.125,35
NONE,Flexible Period - 12A,0–0.125,6
NONE,Research Period 1,0.125–0.25,1255
NONE,Research Period 1,0.25–0.5,547
NONE,Research Period 1,0–0.125,3472
NONE,Research Period 1,1.0+,6
NONE,Research Period 2,0.125–0.25,1116
NONE,Research Period 2,0.25–0.5,565
NONE,Research Period 2,0–0.125,3543
NONE,Research Period 2,1.0+,6
NONE,Semester 1,0.125–0.25,8
NONE,Semester 1,0–0.125,5715
NONE,Semester 1 - 5 Week A,0–0.125,6
NONE,Semester 1 - 5 Week B,0–0.125,6
NONE,Semester 1 - 6 Week A,0–0.125,6
NONE,Semester 1 - 6 Week B,0–0.125,6
NONE,Semester 2,0.125–0.25,117
NONE,Semester 2,0–0.125,8234
NONE,Semester 2 - 5 Week C,0–0.125,7
NONE,Semester 2 - 5 Week D,0–0.125,6
NONE,Semester 2 - 6 Week C,0–0.125,9
NONE,Semester 2 - 6 Week D,0–0.125,10
NONE,Session 1,0–0.125,6
NONE,Session 2,0–0.125,6
NONE,Session 3,0–0.125,6
NONE,Session 4,0–0.125,10
NONE,Session-1A,0–0.125,6
NONE,Session-1B,0–0.125,6
NONE,Session-2A,0–0.125,6
NONE,Summer,0–0.125,100
NONE,Summer 2,0–0.125,794
SOCIETY AND CULTURE,10 Week EAP Teaching Period 1,0.25–0.5,79
SOCIETY AND CULTURE,10 Week EAP Teaching Period 3,0.25–0.5,86
SOCIETY AND CULTURE,6 Week Teaching Period - 1,0–0.125,29
SOCIETY AND CULTURE,6 Week Teaching Period - 2,0–0.125,6
SOCIETY AND CULTURE,6 Week Teaching Period - 3,0–0.125,6
SOCIETY AND CULTURE,College 5 Week TP - 1,0.125–0.25,157
SOCIETY AND CULTURE,College 5 Week TP - 2,0.125–0.25,303
SOCIETY AND CULTURE,College 5 Week TP - 3,0.125–0.25,176
SOCIETY AND CULTURE,College 5 Week TP - 4,0.125–0.25,246
SOCIETY AND CULTURE,College 5 Week TP - 5,0.125–0.25,191
SOCIETY AND CULTURE,College 5 Week TP - 6,0.125–0.25,193
SOCIETY AND CULTURE,College 5 Week TP - 7,0.125–0.25,259
SOCIETY AND CULTURE,College 5 Week TP - 8,0.125–0.25,208
SOCIETY AND CULTURE,College 5 Week TP - 9,0.125–0.25,198
SOCIETY AND CULTURE,Exchange - 1,0–0.125,154
SOCIETY AND CULTURE,Exchange - 2,0–0.125,312
SOCIETY AND CULTURE,Flexible Period - 01A,0–0.125,102
SOCIETY AND CULTURE,Flexible Period - 02A,0–0.125,438
SOCIETY AND CULTURE,Flexible Period - 03A,0.25–0.5,25
SOCIETY AND CULTURE,Flexible Period - 03A,0–0.125,838
SOCIETY AND CULTURE,Flexible Period - 04A,0–0.125,1064
SOCIETY AND CULTURE,Flexible Period - 05A,0.25–0.5,21
SOCIETY AND CULTURE,Flexible Period - 05A,0–0.125,862
SOCIETY AND CULTURE,Flexible Period - 06A,0–0.125,284
SOCIETY AND CULTURE,Flexible Period - 07A,0–0.125,15
SOCIETY AND CULTURE,Flexible Period - 08A,0–0.125,1496
SOCIETY AND CULTURE,Flexible Period - 08B,0–0.125,27
SOCIETY AND CULTURE,Flexible Period - 09A,0–0.125,328
SOCIETY AND CULTURE,Flexible Period - 10A,0.125–0.25,21
SOCIETY AND CULTURE,Flexible Period - 10A,0.25–0.5,280
SOCIETY AND CULTURE,Flexible Period - 10A,0–0.125,1150
SOCIETY AND CULTURE,Flexible Period - 11A,0–0.125,535
SOCIETY AND CULTURE,Flexible Period - 12A,0.25–0.5,12
SOCIETY AND CULTURE,Flexible Period - 12A,0–0.125,181
SOCIETY AND CULTURE,Flexible Period - A,0–0.125,12
SOCIETY AND CULTURE,Semester 1,0.125–0.25,1013
SOCIETY AND CULTURE,Semester 1,0.25–0.5,498
SOCIETY AND CULTURE,Semester 1,0–0.125,84636
SOCIETY AND CULTURE,Semester 1 - 6 Week A,0–0.125,547
SOCIETY AND CULTURE,Semester 1 - 6 Week B,0–0.125,650
SOCIETY AND CULTURE,Semester 2,0.125–0.25,488
SOCIETY AND CULTURE,Semester 2,0.25–0.5,889
SOCIETY AND CULTURE,Semester 2,0–0.125,78821
SOCIETY AND CULTURE,Semester 2 - 6 Week C,0–0.125,962
SOCIETY AND CULTURE,Semester 2 - 6 Week D,0–0.125,732
SOCIETY AND CULTURE,Session 1,0–0.125,967
SOCIETY AND CULTURE,Session 2,0–0.125,943
SOCIETY AND CULTURE,Session 3,0–0.125,960
SOCIETY AND CULTURE,Session 4,0–0.125,890
SOCIETY AND CULTURE,Summer,0.125–0.25,270
SOCIETY AND CULTURE,Summer,0–0.125,5070
SOCIETY AND CULTURE,Summer 1,0–0.125,6
SOCIETY AND CULTURE,Summer 2,0–0.125,124
